অধ্যায়,section,শিরোনাম,channel,link,FLAG,কারণ,নোট
1,পুরো অধ্যায় — Python Functions,Application Development Using Python || পাইথন ফাংশনস ১ম অধ্যায় ক্লাস ১ || Diploma Mentor,Diploma Mentor,https://www.youtube.com/watch?v=WsBgI-3wXpE,,,
1,1.1 Function কী?,Python Function | Lesson 54 | Python Bangla Full Course | Python Bangla Tutorial 💡🧠✨,Arms of Coding,https://www.youtube.com/watch?v=Hu54PEvmGWA,,,
1,1.2 Library Function ও User-defined Function,Python part 61 | Built-in Function | Functions defined in Module বাংলাতে | Semester 3 | Class XII,Computer Circle,https://www.youtube.com/watch?v=pqAiEzdnwz8,FLAG,"বাংলাদেশের ডিপ্লোমা syllabus-এর নয় (""Semester"")",
1,1.3 Function ডাকার পদ্ধতি,Day-30🐍 60 Days of Python | More about Return in Function | Python Bangla Tutorials |@aiquest,STUDY MART,https://www.youtube.com/watch?v=nGa3SqOHOH4,FLAG,section-এর বিষয় function ডাকার পদ্ধতি; ভিডিওটা শুধু return নিয়ে,
1,1.4 Pass by Value বনাম Pass by Reference,Mutable and Immutable Data Types in Python | Python in Bangla | Lecture-18,AlgoBangla29,https://www.youtube.com/watch?v=H0BwzKIuKsc,,,
1,1.5 Function Argument,13.4 - Default Parameters and Keyword Arguments in Function | Python Bangla Tutorial,Phitron,https://www.youtube.com/watch?v=DpRsVTSuBHQ,,,
1,1.6 Date ও Time Function-এর ব্যবহার,#65 Python DateTime Bangla Tutorial,Hablu Programmer,https://www.youtube.com/watch?v=8rF9tNi-NvI,,,
1,1.7 User-defined Function দিয়ে Program,Application Development Using Python || পাইথন ফাংশন ১ম অধ্যায় || class 2 || Diploma Mentor,Diploma Mentor,https://www.youtube.com/watch?v=6u_2Rur9KDE,,,
2,পুরো অধ্যায় — File Operation in Python,Application Development Using Python | Chapter-2 | পাইথন-এর ফাইল অপারেশনস #diploma #polytechnic,EduCity - এডুসিটি,https://www.youtube.com/watch?v=YRt3ImkzvpU,,,
2,2.1 File Operation কী?,Python File Handling in Bangla 2026 | মাত্র ৫ মিনিটে,Nine AI,https://www.youtube.com/watch?v=stc_OngK3fE,,,
2,2.2 File খোলার Mode,"🔥 Live: File Operation in Python (বাংলা) | Read, Write, Append | School of CSE Bangla",School of CSE Bangla,https://www.youtube.com/watch?v=1nFPshmGhKY,,,
2,2.3 File খোলা ও বন্ধ করার Function,File Handling (Txt and Json) | Lesson 62 | Python Bangla Full Course | Python Bangla Tutorial 💡🧠✨,Arms of Coding,https://www.youtube.com/watch?v=kYoCvI-TPsM,,,
2,2.4 File পড়া ও লেখার Function,Bangla Python Tutorial for Beginners Part 22 - Python File I/O - Read in Python Part 01,Saiful Islam,https://www.youtube.com/watch?v=RyBgnrBvwUE,,,
2,2.5 File Input ও Output দিয়ে Program,পার্ট ৩৪ | Python File Handling Part 2 | Python tutorial for beginners in Bangla,IT VAYA,https://www.youtube.com/watch?v=U4VHOQvaTw8,,,
3,"পুরো অধ্যায় — Module, Package and Application Software","Application Development Using Python || পাইথন মডিউল, প্যাকেজ ও অ্যাপ্লিকেশন || অধ্যায় ৩ || class 1",Diploma Mentor,https://www.youtube.com/watch?v=mmP_fn8EFC8,,,
3,3.1 Application Software কী?,Application Software: What is Application Software in Bengali,Arif Academy,https://www.youtube.com/watch?v=TW_DA-YFBNg,,,
3,3.2 Application Software-এর শ্রেণিবিভাগ,Software || What is the computer software? কত প্রকার ও কি কি?,Arif Academy,https://www.youtube.com/watch?v=VMf7rdB12wI,,,
3,3.3 Application Software-এর ব্যবহার,সফটওয়্যার কি?এর প্রকারভেদ। সিস্টেম সফটওয়্যার কি? অ্যাপ্লিকেশন সফটওয়্যার কি? অপারেটিং সিস্টেম কি?,Study P360,https://www.youtube.com/watch?v=I4jCy6S3Cj4,,,
3,3.4 Module ও Package-এর সংজ্ঞা,পাইথন মডিউল বাংলায় | Python Modules in Bangla for Beginners,Learn Real-Skills,https://www.youtube.com/watch?v=-zUUd7C-6-Q,,,
3,3.5 Module ও Package-এর গুরুত্ব,#4 Python Module And Pip Bangla Tutorial 2023,Hablu Programmer,https://www.youtube.com/watch?v=3TR2mkNCS9U,,,
3,3.6 Module তৈরির Program,পার্ট ৩২ | Python এ নিজের Module তৈরি ও Import | Python tutorial for beginners in Bangla,IT VAYA,https://www.youtube.com/watch?v=PhPOn_jKv2k,,,
3,3.7 Package তৈরির Program,Packages | Python | Part-21 | Bengali Tutorial,Samaresh Hazra,https://www.youtube.com/watch?v=Qu0mk5lAK4w,,,
4,4.1 OOP কী?,#73 Python Object-Oriented Programming (OOP) Bangla Explained Easily,Hablu Programmer,https://www.youtube.com/watch?v=h98M42BcR7k,,,
4,4.2 OOP-এর গুরুত্ব,Python Object-Oriented Programming (OOP) Crash Course in Bangla | Python OOP Tutorial for Beginners,Kochu Programmer,https://www.youtube.com/watch?v=iU5hsF6tx08,,,
4,4.3 OOP-এর বৈশিষ্ট্য,🔥 Master Python OOP in Bangla | Full Object Oriented Programming Course | 4.5+ Hours | Inception BD,Inception BD,https://www.youtube.com/watch?v=F7fkMhO1Ly0,FLAG,"section-এর বিষয় OOP-এর বৈশিষ্ট্য; ভিডিওটা ৪.৫ ঘণ্টার পুরো OOP course, নির্দিষ্ট টপিকের নয়",
4,4.4 Class ও Object,Python Class & Object | OOP | Lesson 63 | Python Bangla Full Course | Python Bangla Tutorial 💡🧠✨,Arms of Coding,https://www.youtube.com/watch?v=hf-JcKx2d3s,,,
4,4.5 Class-এর মৌলিক গঠন,"ক্লাস, অবজেক্ট, মেথড ও self একসাথে বুঝুন  | Python OOP Concepts Explained",কোডিং উইথ শামীম,https://www.youtube.com/watch?v=s0frp4rlwsQ,,,
4,4.6 Class ব্যবহার করে Program,ক্লাস ব্যবহার করে ত্রিভুজের ক্ষেত্রফল নির্ণয়ের প্রোগ্রাম #python #diploma #polytechnic,EduCity - এডুসিটি,https://www.youtube.com/watch?v=c0IEUUdgaxk,,,
5,পুরো অধ্যায় — Four Pillars of OOP,Application Development Using Python || OOP এর ৪ পিলার || অধ্যায় ৫ || class 1,Diploma Mentor,https://www.youtube.com/watch?v=UwhKAWffv4g,,,
5,5.1 OOP-এর চার স্তম্ভ,"4 Pillars of OOP in Bangla | Encapsulation, Inheritance, Polymorphism, Abstraction Explained",Learn Logic with Munim,https://www.youtube.com/watch?v=MQHGO-hBKE4,,,
5,5.2 চার স্তম্ভের গুরুত্ব,OOP এর চারটি পিলার সহজ ভাষায় | Diploma in Engineering 3CST | Application Python Programming,Python Lover,https://www.youtube.com/watch?v=227WM-GR594,,,
5,5.3 Inheritance,পার্ট ৩১ | Python OOP: Inheritance | Python tutorial for beginners in Bangla,IT VAYA,https://www.youtube.com/watch?v=nHG6qARGyTQ,,,
5,5.4 Encapsulation,পাইথনে এনক্যাপসুলেশন (Encapsulation in Python) - ৫ মিনিটে সম্পূর্ণ বিস্তারিত ভিডিও,School of CSE Bangla,https://www.youtube.com/watch?v=uXT44aPB8Rk,,,
5,5.5 Polymorphism,পাইথনে পলিমরফিজম (Polymorphism in Python) - ৫ মিনিটে সম্পূর্ণ বিস্তারিত ভিডিও,School of CSE Bangla,https://www.youtube.com/watch?v=0DYhBi0eeDU,,,
5,5.6 Abstraction,Interview Q&A: Abstraction | OOP | Lesson 69 | Python Bangla Full Course | Python Bangla Tutorial ✨,Arms of Coding,https://www.youtube.com/watch?v=N0oLupouH8Y,,,
5,5.7 তিন স্তম্ভ মিলিয়ে Program,Day 31: Python OOP Project Explained | Real-Life Object-Oriented Programming in Bangla,Inception BD,https://www.youtube.com/watch?v=8n-59hCU04k,,,
6,"6.1 Iterator, Generator ও Decorator কী?",Python Iterator Explained in Bangla | Python Advanced Tutorial | School of CSE Bangla,School of CSE Bangla,https://www.youtube.com/watch?v=XxBenZDyg30,,,
6,6.2 Iterator-এর কার্যপদ্ধতি,Python Iterators Internals Explained class-18 | for Loop আসলে কিভাবে কাজ করে? | Bangla Tutorial,math2py,https://www.youtube.com/watch?v=duSyhwxWZM4,,,
6,6.3 Generator-এর কার্যপদ্ধতি,Python Generator Explained in Bangla ⚡ | Python Advanced Tutorial | School of CSE Bangla,School of CSE Bangla,https://www.youtube.com/watch?v=5c-4lONJFIg,,,
6,6.4 Decorator-এর কার্যপদ্ধতি,Python Decorator Explained in Bangla – সহজে ডেকোরেটর শিখুন | School of CSE Bangla,School of CSE Bangla,https://www.youtube.com/watch?v=KMf8YIbaojU,,,
6,"6.5 Iterator, Generator ও Decorator দিয়ে Program",ডিপ্লোমা ইন ইঞ্জিনিয়ারিং ৩য় সেমি CST | Application Development Using Python | উদাহরণসহ ডেকোরেটর,Python Lover,https://www.youtube.com/watch?v=mNPo0QfHqxE,,,
7,পুরো অধ্যায় — Exception and Error Handling in Python,Application Development Using Python | Chapter-7 | পাইথন-এর এক্সপ্রেশন এবং এরর হ্যান্ডিলিং,EduCity - এডুসিটি,https://www.youtube.com/watch?v=DYdwL2blYQY,,,
7,7.1 Exception কী?,Exception Handling | Lesson 61 | Python Bangla Full Course | Python Bangla Tutorial 💡🧠✨,Arms of Coding,https://www.youtube.com/watch?v=ugWWK9Q0W3Y,,,
7,7.2 Built-in Exception,Day 17: Error Handling in Python | Exception Handling Explained | Python Live Tutorial in Bangla,Inception BD,https://www.youtube.com/watch?v=cmIrVzOFwhw,,,
7,7.3 Exception Raise করা,Day 18: Error Handling in Python - Part 2 | Exception Handling Explained | Python Live in Bangla,Inception BD,https://www.youtube.com/watch?v=pyLcFZkDliM,,,
7,7.4 try ও except Block,Exception Handling in Python ONE SHOT | try-except-finally | COMS | Class 12 Sem 3 | WBCHSE Bengali,Avijit Pramanik,https://www.youtube.com/watch?v=jVGWAW1fjjk,FLAG,"বাংলাদেশের ডিপ্লোমা syllabus-এর নয় (""Class 12"")",
7,7.5 else ও finally Clause,"Python Error Handling in Bangla | try, except, finally, raise Explained! Python in Bangla 2026",Nine AI,https://www.youtube.com/watch?v=356iinFnFhY,,,
7,7.6 Exception ও Error Handling-এর Program,"User define function তৈরি করে try, except ও else ব্যবহার করে প্রোগ্রাম #python #diploma #polytechnic",EduCity - এডুসিটি,https://www.youtube.com/watch?v=1bgtE62gY4o,,,
8,8.1 Logging কী?,Day 19: Python Logging: How to make a log file for your python project,Inception BD,https://www.youtube.com/watch?v=gz9CgnGlrpM,,,
8,8.2 কখন Logging দরকার,Python Logging Tutorial in Bangla (পাইথন লগ করা বাংলাতে ),jobkhuzi,https://www.youtube.com/watch?v=xZRjeX2NlHc,,,
8,8.3 Logging-এর Level,What is Logging in Python | Logging in Python | Advanced Python Tutorial,Code-yug,https://www.youtube.com/watch?v=D9IsE24QUoA,FLAG,"হিন্দি ভিডিও; আর section-এর বিষয় Logging-এর Level, ভিডিওটা শুধু Logging কী",
8,8.4 Logging-এর কার্যপদ্ধতি,পাইথনে Log in  -এর Configuration এর বর্ণনা।,Tech Samir,https://www.youtube.com/watch?v=RVIKohClum8,,,
8,8.5 Configuration ও Output Formatting,লগইন আউটপুট ফরমেটিং কনফিগারেশন | Diploma in Engineering | Application Development Using Python,Python Lover,https://www.youtube.com/watch?v=JkRyIsYRRNI,,,
9,9.1 Unit Testing কী?,UNIT TESTING | SOFTWARE ENGINEERING (BANGLA),COMPUTER SCIENCE WITH BHASKAR SIR,https://www.youtube.com/watch?v=axHrj0_m2S4,,,
9,9.2 Unit Testing-এর গুরুত্ব,Black Box White Box Testing | Unit Testing | Integration Testing | Bangla Tutorial | Edu Clinic,Edu Clinic,https://www.youtube.com/watch?v=VQgE2K7-wNA,FLAG,section-এর বিষয় Unit Testing-এর গুরুত্ব; ভিডিওটা Black box/White box/Integration testing নিয়ে,
9,9.3 Unit Test-এর গঠন,ইউনিট টেস্টিং বেসিক স্ট্রাকচার | অ্যাপ্লিকেশন ডেভেলপমেন্ট পাইথন | ডিপ্লোমা ৩য় সেমি CST,Python Lover,https://www.youtube.com/watch?v=eq6774FqGJM,,,
9,9.4 unittest দিয়ে Unit Test-এর পদ্ধতি,Python Tutorial Bangla (বাংলা)  🔥Unit Testing 💪🤓🎯,Mahmud Ahsan,https://www.youtube.com/watch?v=UhIwkjwz6Ek,,,
9,9.5 Unit Test লেখা ও চালানোর প্রয়োজনীয়তা,Bangla Python Basic Uniitest Tutorial,Asaduzzaman Sohel,https://www.youtube.com/watch?v=rR-VMgzgvdY,,,
10,10.1 RegEx কী?,Regular Expression in Python Bangla | Regex Tutorial | Complete Explanation,COMPUTER SCIENCE WITH BHASKAR SIR,https://www.youtube.com/watch?v=YJVWpp-kg1U,,,
10,10.2 Python RegEx-এর Built-in Method,Python Regular Expression (Regex) Complete Tutorial in Bangla class-19 |reপাইথনে রেগুলার এক্সপ্রেশন,math2py,https://www.youtube.com/watch?v=Jo9pBP4Dc0U,,,
10,10.3 Metacharacter ও Special Sequence,Python Bangla Tutorials 64 : Meta Characters,Anisul Islam,https://www.youtube.com/watch?v=XeJoNgNQ4n0,,,
10,10.4 RegEx-এর কার্যপদ্ধতি,#67 Python Regular Expression  Bangla Tutorial,Hablu Programmer,https://www.youtube.com/watch?v=rlXJMyRrVG8,,,
10,10.5 বাক্য বা অনুচ্ছেদে নির্দিষ্ট শব্দ খোঁজার Program,Regex দিয়ে Word Search in Python | সহজ বাংলা টিউটোরিয়াল,PYbrain,https://www.youtube.com/watch?v=fZok23U4NPg,,,
11,11.1 Application Software কী?,Application Software: What is Application Software in Bengali,Arif Academy,https://www.youtube.com/watch?v=TW_DA-YFBNg,,,একই ভিডিও 3:s1-এও আছে
11,11.2 Application Software-এর প্রকারভেদ,সফটওয়্যার কত প্রকার | What are the types of software,Arif Academy,https://www.youtube.com/watch?v=863LZouZtO8,,,
11,11.3 Application Software-এর বৈশিষ্ট্য,"what is software in bengali,all about software,software explained in bengali,software ki ?",kolkata computer,https://www.youtube.com/watch?v=2ucA9H2Nhec,FLAG,"বাংলাদেশের ডিপ্লোমা syllabus-এর নয় (""kolkata""); section-এর বিষয় Application Software-এর বৈশিষ্ট্য; ভিডিওটা সাধারণ software কী নিয়ে",
11,11.4 Application Software-এর ব্যবহার,"Part - 3 সফটওয়্যার কী? সফটওয়্যারের প্রকারভেদ | System Software, Application Software | Software",Lucy Online,https://www.youtube.com/watch?v=l-2KHdBOi4E,,,
11,11.5 Application Software-এর কাজ,Application software কি | অ্যাপ্লিকেশন সফটওয়্যার কিভাবে কাজ করে #Basic IT For You,Basic IT For You,https://www.youtube.com/watch?v=waYKPWj6jlI,,,
11,11.6 প্রকল্প: Student Result Management System,04. Python Flask Bangla Tutorial | Flask Project Structure | Python Flask,STUDY MART,https://www.youtube.com/watch?v=v_lmiH-jvtw,,,
12,পুরো অধ্যায় — বিগত বছরের বোর্ড প্রশ্ন ও সাজেশন,App Dev Using Python || Mega Class || Part 1 || Diploma Mentor,Diploma Mentor,https://www.youtube.com/watch?v=pdN6ZVUwhcE,,,
